uniprot,sequence
P01597,MDMRVPAQLLGLLLLWLRGARCDIQMTQSPSSLSASVGDRVTITCRASQSISSYLNWYQQKPGKAPKLLIYAASSLQSGVPSRFSGSGSGTDFTLTISSLQPEDFATYYCQQSYSTP
P01615,MRLPAQLLGLLMLWVSGSSGDIVMTQSPLSLPVTPGEPASISCRSSQSLLHSNGYNYLDWYLQKPGQSPQLLIYLGSNRASGVPDRFSGSGSGTDFTLKISRVEAEDVGVYYCMQALQTP
P01764,MEFGLSWLFLVAILKGVQCEVQLVESGGGLVQPGGSLRLSCAASGFTFSSYAMSWVRQAPGKGLEWVSAISGSGGSTYYADSVKGRFTISRDNSKNTLYLQMNSLRAEDTAVYYCAK
P01825,MKHLWFFLLLVAAPRWVLSQVQLQESGPGLVKPSETLSLTCTVSGGSISSYYWSWIRQPPGKGLEWIGYIYYSGSTNYNPSLKSRVTISVDTSKNQFSLKLSSVTAADTAVYYCAR
P01877,ASPTSPKVFPLSLDSTPQDGNVVVACLVQGFFPQEPLSVTWSESGQNVTARNFPPSQDASGDLYTTSSQLTLPATQCPDGKSVTCHVKHYTNSSQDVTVPCRVPPPPPCCHPRLSLHRPALEDLLLGSEANLTCTLTGLRDASGATFTWTPSSGKSAVQGPPERDLCGCYSVSSVLPGCAQPWNHGETFTCTAAHPELKTPLTANITKSGNTFRPEVHLLPPPSEELALNELVTLTCLARGFSPKDVLVRWLQGSQELPREKYLTWASRQEPSQGTTTYAVTSILRVAAEDWKKGETFSCMVGHEALPLAFTQKTIDRMAGKPTHINVSVVMAEADGTCY
P23083,MDWTWRILFLVAAATGAHSQVQLVQSGAEVKKPGASVKVSCKASGYTFTGYYMHWVRQAPGQGLEWMGWINPNSGGTNYAQKFQGWVTMTRDTSISTAYMELSRLRSDDTAVYYCAR
P01593,MDMRVPAQLLGLLLLWLSGARCDIQMTQSPSSLSASVGDRVTITCQASQDISNYLNWYQQKPGKAPKLLIYDASNLETGVPSRFSGSGSGTDFTFTISSLQPEDIATYYCQQYDNLP
P01763,MELGLCWVFLVAILEGVQCEVQLVESGGGLVQPGGSLRLSCAASGFTFSSYEMNWVRQAPGKGLEWVSYISSSGSTIYYADSVKGRFTISRDNAKNSLYLQMNSLRAEDTAVYYCAR
P0DOX4,QVQLVQSGAEVRKPGASVRVSCKASGYTFIDSYVGWIRQAPGHGLEWIHWINPNSGGTNYAPRFQGRVTMTRDASFSTAYMDLRSLRSDDSAVFYCAKSDPFWSDYNFDYSSSEEGTEVTYTVSGAWTLPSVFPLTRCCKNIPSNATSVTLGCLATGYFPEPVMVTWDTGSLNGTTLPATTLTLSGHYATISLLTVSGAWAKQMFTCRVAHTPSSTVDNKTFSVCSRDFTPPTVKILQSSCDGLGHFPPTIQLCLVSGYTPGTINITWLEDGQVMDVDLSTASTESQGELASTESQLTLSQKHWLSDRTYTCQVTYQGHTFQDSTKKCADSNPRGVSAYLSRPSPFDLFIRKSPTITCLVVDLAPSKGTVNLTWSRASGKPVNHSTRKEEKQRNGTLTVTSTLPVGTRDWIEGETYQCRVTHPHLPRALMRSTTKTSGPRAAPEVYAFATPEWPGSRDKRTLACLIQNFMPEDISVQWLHNEVQLPDARHSTTQPRKTKGSGFFVFSRLEVTRAEWQEKDEFICRAVHEAASPSQTVQRAVSVNPGK
P0DOX6,QVTLTESGPALVKPKQPLTLTCTFSGFSLSTSRMRVSWIRRPPGKALEWLARIDDDDKFYWSTSLRTRLSISKNDSKNQVVLIMINVNPVDTATYYCARVVNSVMAGYYYYYMDVWGKGTTVTVSSGSASAPTLFPLVSCENSNPSSTVAVGCLAQDFLPDSITFSWKYNQSQKISSTRGFPSVLRGGKYAATSQVLLPSKDVMQGTDEHVCKWVQHPNGNKQKNVPLPVIAELPPKVSVFVPPRDGFFGNPRKSKLICQATGFSPRQVWSLREGKQVGSGVTTDQVQAEAKESGPTTYKVTSTLTIKESDWLGESMFTCRVDHRGLTFQQNASSMCVPDQDTAIRVFAIPPSFASIFLTKSTKLTCLVTDLTTYDSVTISWTREENGAVKTHTNISESHPNATFSAVGEASICEDDDWSGERFTCTVTHTDLPSPLKQTISRPKGVALHRPDVYLLPPAREQLNLRESATITCLVTGFSPADVFVQWMQRGEPLSPEKYVTSAPMPEPQAPGRYFAHSILTVSEEEWNTGQTYTCVVAHEALPNRVTERTVDKSTGKPTLYNVSLVMSDTAGTCY
