id,sequence
0,MDMRVPAQLLGLLLLWLRGARCDIQMTQSPSSLSASVGDRVTITCRASQSISSYLNWYQQKPGKAPKLLIYAASSLQSGVPSRFSGSGSGTDFTLTISSLQPEDFATYYCQQSYSTP
1,MRLPAQLLGLLMLWVSGSSGDIVMTQSPLSLPVTPGEPASISCRSSQSLLHSNGYNYLDWYLQKPGQSPQLLIYLGSNRASGVPDRFSGSGSGTDFTLKISRVEAEDVGVYYCMQALQTP
2,MEFGLSWLFLVAILKGVQCEVQLVESGGGLVQPGGSLRLSCAASGFTFSSYAMSWVRQAPGKGLEWVSAISGSGGSTYYADSVKGRFTISRDNSKNTLYLQMNSLRAEDTAVYYCAK
3,MKHLWFFLLLVAAPRWVLSQVQLQESGPGLVKPSETLSLTCTVSGGSISSYYWSWIRQPPGKGLEWIGYIYYSGSTNYNPSLKSRVTISVDTSKNQFSLKLSSVTAADTAVYYCAR
4,ASPTSPKVFPLSLDSTPQDGNVVVACLVQGFFPQEPLSVTWSESGQNVTARNFPPSQDASGDLYTTSSQLTLPATQCPDGKSVTCHVKHYTNSSQDVTVPCRVPPPPPCCHPRLSLHRPALEDLLLGSEANLTCTLTGLRDASGATFTWTPSSGKSAVQGPPERDLCGCYSVSSVLPGCAQPWNHGETFTCTAAHPELKTPLTANITKSGNTFRPEVHLLPPPSEELALNELVTLTCLARGFSPKDVLVRWLQGSQELPREKYLTWASRQEPSQGTTTYAVTSILRVAAEDWKKGETFSCMVGHEALPLAFTQKTIDRMAGKPTHINVSVVMAEADGTCY
5,MDWTWRILFLVAAATGAHSQVQLVQSGAEVKKPGASVKVSCKASGYTFTGYYMHWVRQAPGQGLEWMGWINPNSGGTNYAQKFQGWVTMTRDTSISTAYMELSRLRSDDTAVYYCAR
6,MDMRVPAQLLGLLLLWLSGARCDIQMTQSPSSLSASVGDRVTITCQASQDISNYLNWYQQKPGKAPKLLIYDASNLETGVPSRFSGSGSGTDFTFTISSLQPEDIATYYCQQYDNLP
7,MELGLCWVFLVAILEGVQCEVQLVESGGGLVQPGGSLRLSCAASGFTFSSYEMNWVRQAPGKGLEWVSYISSSGSTIYYADSVKGRFTISRDNAKNSLYLQMNSLRAEDTAVYYCAR
8,QVQLVQSGAEVRKPGASVRVSCKASGYTFIDSYVGWIRQAPGHGLEWIHWINPNSGGTNYAPRFQGRVTMTRDASFSTAYMDLRSLRSDDSAVFYCAKSDPFWSDYNFDYSSSEEGTEVTYTVSGAWTLPSVFPLTRCCKNIPSNATSVTLGCLATGYFPEPVMVTWDTGSLNGTTLPATTLTLSGHYATISLLTVSGAWAKQMFTCRVAHTPSSTVDNKTFSVCSRDFTPPTVKILQSSCDGLGHFPPTIQLCLVSGYTPGTINITWLEDGQVMDVDLSTASTESQGELASTESQLTLSQKHWLSDRTYTCQVTYQGHTFQDSTKKCADSNPRGVSAYLSRPSPFDLFIRKSPTITCLVVDLAPSKGTVNLTWSRASGKPVNHSTRKEEKQRNGTLTVTSTLPVGTRDWIEGETYQCRVTHPHLPRALMRSTTKTSGPRAAPEVYAFATPEWPGSRDKRTLACLIQNFMPEDISVQWLHNEVQLPDARHSTTQPRKTKGSGFFVFSRLEVTRAEWQEKDEFICRAVHEAASPSQTVQRAVSVNPGK
9,QVTLTESGPALVKPKQPLTLTCTFSGFSLSTSRMRVSWIRRPPGKALEWLARIDDDDKFYWSTSLRTRLSISKNDSKNQVVLIMINVNPVDTATYYCARVVNSVMAGYYYYYMDVWGKGTTVTVSSGSASAPTLFPLVSCENSNPSSTVAVGCLAQDFLPDSITFSWKYNQSQKISSTRGFPSVLRGGKYAATSQVLLPSKDVMQGTDEHVCKWVQHPNGNKQKNVPLPVIAELPPKVSVFVPPRDGFFGNPRKSKLICQATGFSPRQVWSLREGKQVGSGVTTDQVQAEAKESGPTTYKVTSTLTIKESDWLGESMFTCRVDHRGLTFQQNASSMCVPDQDTAIRVFAIPPSFASIFLTKSTKLTCLVTDLTTYDSVTISWTREENGAVKTHTNISESHPNATFSAVGEASICEDDDWSGERFTCTVTHTDLPSPLKQTISRPKGVALHRPDVYLLPPAREQLNLRESATITCLVTGFSPADVFVQWMQRGEPLSPEKYVTSAPMPEPQAPGRYFAHSILTVSEEEWNTGQTYTCVVAHEALPNRVTERTVDKSTGKPTLYNVSLVMSDTAGTCY
